type,nb_transactions,montant_total,montant_moyen
deposit,2534,18937355.39,7473.305205209155
transfer,2522,12943200.99,5132.117759714512
payment,2515,3687806.42,1466.32462027833
withdrawal,2429,1245584.11,512.7970811033347
